codon	lambda1	lambda2	lambda3	tau1	tau2	tau3	tot
AAA	 0.03571386	 2.26025581	 2.26025242	 28.000	  0.442	  0.442	 28.885
AAC	 0.03666589	 2.22588228	 2.22589119	 27.273	  0.449	  0.449	 28.172
AAG	 0.03606211	 2.26751138	 2.26764079	 27.730	  0.441	  0.441	 28.612
AAT	 0.03710545	 1.99570620	 1.99554954	 26.950	  0.501	  0.501	 27.952
ACA	 0.03339841	 1.24654060	 1.24655033	 29.942	  0.802	  0.802	 31.546
ACC	 0.03388045	 1.59772458	 1.59773014	 29.516	  0.626	  0.626	 30.767
ACG	 0.03394963	 1.57429433	 1.57438509	 29.455	  0.635	  0.635	 30.726
ACT	 0.03395738	 1.99110931	 1.99099967	 29.449	  0.502	  0.502	 30.453
AGA	 0.03472656	 0.98671726	 0.98675182	 28.796	  1.013	  1.013	 30.823
AGC	 0.03304314	 1.90039009	 1.90030740	 30.263	  0.526	  0.526	 31.316
AGG	 0.03657968	 1.04806488	 1.04820597	 27.338	  0.954	  0.954	 29.246
AGT	 0.03364644	 1.68455933	 1.68457229	 29.721	  0.594	  0.594	 30.908
ATA	 0.03405042	 1.74176305	 1.74185502	 29.368	  0.574	  0.574	 30.516
ATC	 0.03564787	 1.92367528	 1.92376346	 28.052	  0.520	  0.520	 29.092
ATG	 0.03553095	 1.70321303	 1.70319695	 28.144	  0.587	  0.587	 29.319
ATT	 0.03530810	 1.96123682	 1.96118063	 28.322	  0.510	  0.510	 29.342
CAA	 0.03489474	 1.71341087	 1.71340597	 28.658	  0.584	  0.584	 29.825
CAC	 0.03659013	 2.13339369	 2.13335582	 27.330	  0.469	  0.469	 28.267
CAG	 0.03552525	 1.81456997	 1.81453809	 28.149	  0.551	  0.551	 29.251
CAT	 0.03597796	 1.99003087	 1.98996161	 27.795	  0.503	  0.503	 28.800
CCA	 0.03556761	 1.58731831	 1.58741600	 28.115	  0.630	  0.630	 29.375
CCC	 0.03875393	 1.13449538	 1.13448827	 25.804	  0.881	  0.881	 27.567
CCG	 0.03580630	 1.96524173	 1.96551028	 27.928	  0.509	  0.509	 28.946
CCT	 0.03609592	 1.66495113	 1.66518042	 27.704	  0.601	  0.601	 28.905
CGA	 0.03565342	 1.32566071	 1.32566688	 28.048	  0.754	  0.754	 29.556
CGC	 0.03724514	 1.85378537	 1.85388328	 26.849	  0.539	  0.539	 27.928
CGG	 0.03479195	 0.98373509	 0.98373812	 28.742	  1.017	  1.017	 30.775
CGT	 0.03728469	 2.45308895	 2.45307864	 26.821	  0.408	  0.408	 27.636
CTA	 0.03488166	 0.92559920	 0.92552871	 28.668	  1.080	  1.080	 30.829
CTC	 0.03529822	 1.19051117	 1.19036483	 28.330	  0.840	  0.840	 30.010
CTG	 0.03560572	 1.85746957	 1.85748984	 28.085	  0.538	  0.538	 29.162
CTT	 0.03515004	 1.39408323	 1.39421809	 28.449	  0.717	  0.717	 29.884
GAA	 0.03568722	 2.16086175	 2.16094667	 28.021	  0.463	  0.463	 28.947
GAC	 0.03573874	 2.25911620	 2.25935014	 27.981	  0.443	  0.443	 28.866
GAG	 0.03491894	 2.10582820	 2.10572937	 28.638	  0.475	  0.475	 29.588
GAT	 0.03537645	 1.94883353	 1.94888318	 28.267	  0.513	  0.513	 29.294
GCA	 0.03524809	 2.20924616	 2.20929984	 28.370	  0.453	  0.453	 29.276
GCC	 0.03703305	 1.49203601	 1.49198634	 27.003	  0.670	  0.670	 28.343
GCG	 0.03570458	 2.20581934	 2.20582798	 28.008	  0.453	  0.453	 28.914
GCT	 0.03531834	 1.63903600	 1.63921393	 28.314	  0.610	  0.610	 29.534
GGA	 0.03575063	 1.56743175	 1.56747955	 27.972	  0.638	  0.638	 29.247
GGC	 0.03481247	 1.94033040	 1.94039728	 28.725	  0.515	  0.515	 29.756
GGG	 0.03636159	 1.69535657	 1.69546690	 27.502	  0.590	  0.590	 28.681
GGT	 0.03740631	 2.34815116	 2.34833910	 26.733	  0.426	  0.426	 27.585
GTA	 0.03392435	 1.73297344	 1.73263597	 29.477	  0.577	  0.577	 30.632
GTC	 0.03349711	 1.80725408	 1.80730732	 29.853	  0.553	  0.553	 30.960
GTG	 0.03322782	 1.78961560	 1.78968859	 30.095	  0.559	  0.559	 31.213
GTT	 0.03432381	 2.03078687	 2.03078154	 29.134	  0.492	  0.492	 30.119
TAA	 0.00000000	 0.00000000	 0.00000000	NA	NA	NA	NA
TAC	 0.03446442	 1.53950280	 1.53964423	 29.015	  0.650	  0.650	 30.314
TAG	 0.00000000	 0.00000000	 0.00000000	NA	NA	NA	NA
TAT	 0.03427579	 1.82721163	 1.82714089	 29.175	  0.547	  0.547	 30.270
TCA	 0.03363063	 2.37305378	 2.37302250	 29.735	  0.421	  0.421	 30.578
TCC	 0.03432728	 2.13216157	 2.13205440	 29.131	  0.469	  0.469	 30.069
TCG	 0.03463443	 1.91167809	 1.91157830	 28.873	  0.523	  0.523	 29.919
TCT	 0.03425713	 1.98838058	 1.98838399	 29.191	  0.503	  0.503	 30.197
TGA	 0.00000000	 0.00000000	 0.00000000	NA	NA	NA	NA
TGC	 0.03370235	 1.55297658	 1.55291144	 29.672	  0.644	  0.644	 30.959
TGG	 0.03449109	 1.40732036	 1.40739039	 28.993	  0.711	  0.711	 30.414
TGT	 0.03634884	 1.66410005	 1.66409634	 27.511	  0.601	  0.601	 28.713
TTA	 0.03362503	 1.41192810	 1.41212218	 29.740	  0.708	  0.708	 31.156
TTC	 0.03463988	 1.96544283	 1.96539898	 28.868	  0.509	  0.509	 29.886
TTG	 0.03389847	 1.49342325	 1.49345910	 29.500	  0.670	  0.670	 30.839
TTT	 0.03412082	 1.76223536	 1.76224204	 29.308	  0.567	  0.567	 30.443
